id,name,img
prod_0,"""NeMoloko"", десерт овсяный с черной смородиной и малиной",/static/images/nemoloko.jpeg
prod_1,"""NeMoloko"", напиток овсяный классический",/static/images/nemoloko.jpeg
prod_2,"""NeMoloko"", напиток овсяный шоколадный",/static/images/nemoloko.jpeg
prod_3,"""Русский морс"", брусника",/static/images/mors.jpeg
prod_4,"""Русский морс"", клюква",/static/images/mors.jpeg
prod_5,"""Русский морс"", ягодный сбор",/static/images/mors.jpeg
prod_6,"""Сады Придонья"" ""Смузи"" банан, яблоко, виноград, клубника, злаки",/static/images/sadi.jpeg
prod_7,"Acqua Panna, негазированная 0,33л",/static/images/acqua.jpeg
prod_8,"Actimel, виноград-клубника-малина",/static/images/actimel.jpeg
prod_9,"Actimel, виноград-персик-ананас",/static/images/actimel.jpeg
prod_10,"Actimel, клубника-банан",/static/images/actimel.jpeg
prod_11,"Dirol  ""Арбузно-Дынный Коктейль""",/static/images/dirol.jpeg
prod_12,"Dirol ""Маракуйя""",/static/images/dirol.jpeg
prod_13,Dirol Mix XXL ассорти мятных вкусов,/static/images/dirol.jpeg
prod_14,Legendary lemonades bubble gum,/static/images/legendary.jpg
prod_15,Legendary lemonades lemon,/static/images/legendary.jpg
prod_16,Legendary lemonades mojito,/static/images/legendary.jpg
prod_17,Legendary lemonades pear,/static/images/legendary.jpg
prod_18,"LifeLine Beauty, арбуз-яблоко",/static/images/lifeline.jpeg
prod_19,"LifeLine Beauty, клубника-ваниль",/static/images/lifeline.jpeg
prod_20,"LifeLine Beauty, манго-киви",/static/images/lifeline.jpeg
prod_21,MARSHMALLOW батончик SOJ с клубничной начинкой в белом шоколаде,/static/images/marshmallow.png
prod_22,MARSHMALLOW батончик SOJ с соленой карамелью в молочном шоколаде,/static/images/marshmallow.png
prod_23,MARSHMALLOW батончик SOJ с соленой карамелью в темном шоколаде,/static/images/marshmallow.png
prod_24,Milkis напиток газированный безалкогольный со вкусом Дыни,/static/images/milkis.jpeg
prod_25,Mountain Dew,/static/images/mtndew.png
prod_26,Nemoloko кофейное,/static/images/nemoloko.jpeg
prod_27,Nemoloko Рисовое,/static/images/nemoloko.jpeg
prod_28,Peanut Bar батончик SOJ арахис в соленой карамели с ирисо-сливочным вкусом в молочном шоколаде,/static/images/peanut.png
prod_29,PopCrunch гранола медовая с попкорном,/static/images/popcrunch.jpeg
prod_30,PopCrunch гранола медовая с попкорном и бананом ОлЛайт,/static/images/popcrunch.jpeg
prod_31,PopCrunch гранола медовая с попкорном и изюмом Jumbo ОлЛайт,/static/images/popcrunch.jpeg
prod_32,PopCrunch гранола шоколадная с попкорном и бананом ОлЛайт,/static/images/popcrunch.jpeg
prod_33,PopCrunch гранола шоколадная с попкорном и изюмом Jumbo ОлЛайт,/static/images/popcrunch.jpeg
prod_34,"Ritter Sport, карамельный мусс с миндалём",/static/images/rittersport.png
prod_35,"Ritter Sport, кокос",/static/images/rittersport.png
prod_36,"Ritter Sport, лесной орех",/static/images/rittersport.png
prod_37,"Ritter Sport, марципан",/static/images/rittersport.png
prod_38,"Ritter Sport, мята-темный шоколад",/static/images/rittersport.png
prod_39,Roasted Bar батончик SOJ Грильяж в молочном шоколаде,/static/images/roasted.jpeg
prod_40,"S. Pellegrino гранат, черная смородина",/static/images/spellegrino.jpeg
prod_41,"S. PELLEGRINO ЛИМОН, МАЛИНА",/static/images/spellegrino.jpeg
prod_42,"S. PELLEGRINO МАНДАРИН, ПЕРСИК",/static/images/spellegrino.jpeg
prod_43,"Skitlles ""Драже фруктово - ягодное 2 в 1""",/static/images/skittles.png
prod_44,"Skitlles ""Кислое""",/static/images/skittles.png
prod_45,Standart isonorm,/static/images/standart.jpg
prod_46,Standart кислородная вода,/static/images/standart.jpg
prod_47,"SUPER FOOD с индейкой, 360 грамм",/static/images/superfood.jpeg
prod_48,"SUPER FOOD с лососем и птитимом, 330 грамм",/static/images/superfood.jpeg
prod_49,Test,/static/images/test.png
prod_50,"Valio, клубника-базилик",/static/images/valio.jpeg
prod_51,"Valio, манго-апельсин",/static/images/valio.jpeg
prod_52,VINUT АНАНАС,/static/images/vinut.jpeg
prod_53,VINUT ГУАВА,/static/images/vinut.jpeg
prod_54,VINUT ЛИЧИ,/static/images/vinut.jpeg
prod_55,VINUT МАНГО,/static/images/vinut.jpeg
prod_56,VINUT МАРАКУЙА,/static/images/vinut.jpeg
prod_57,VINUT РАМБУТАН,/static/images/vinut.jpeg
prod_58,VINUT СМЕТАННОЕ ЯБЛОКО,/static/images/vinut.jpeg
prod_59,Waffle Bar батончик SOJ вафельный кранч в молочном шоколаде,/static/images/waffle.jpeg
prod_60,Алоэ Вера оригинальный,/static/images/aloe.jpeg
prod_61,Арахис здорового человека,/static/images/arahis.jpeg
prod_62,Арахис здорового человека с мёдом и кунжутом,/static/images/arahis.jpeg
prod_63,Арахис здорового человека с морской солью,/static/images/arahis.jpeg
prod_64,Арахис здорового человека с прованскими травами,/static/images/arahis.jpeg
prod_65,"Арахис соленый ""Фишка""",/static/images/fishka.jpeg
prod_66,Банка вкусного кофе,/static/images/coffee.jpeg
prod_67,"Батончик ""Здоровый перекус"" Банан",/static/images/perekus.jpeg
prod_68,"Батончик ""Здоровый перекус"" Орехи и Мед",/static/images/perekus.jpeg
prod_69,Батончик Nestle Fitness с цельными злаками и шоколадом,/static/images/nestle.jpeg
prod_70,Батончик Nestle Nuts Цельный фундук,/static/images/nestle.jpeg
prod_71,Батончик Nut N Go,/static/images/roasted.jpeg
prod_72,Батончик Snickers Crisper,/static/images/roasted.jpeg
prod_73,Батончик злаковый CINI-MINIS Fitness,/static/images/roasted.jpeg
prod_74,Батончик протеиновый CHAMP карамельный,/static/images/roasted.jpeg
prod_75,Батончик протеиновый CHAMP ореховый,/static/images/roasted.jpeg
prod_76,Батончик протеиновый CHAMP шоколад и вишня,/static/images/roasted.jpeg
prod_77,Батончик шоколадный Kit Kat молочный шоколад с хрустящей вафлей,/static/images/roasted.jpeg
prod_78,Батончик-мюсли Absolute Nature,/static/images/roasted.jpeg
prod_79,Батончик-мюсли Absolute Nature Здоровый перекус мультизлаковый с орехами и медом,/static/images/roasted.jpeg
prod_80,Баунти,/static/images/roasted.jpeg
prod_81,Бефстроганов из говядины с гречкой,/static/images/myaso.jpeg
prod_82,"Бефстроганов с пюрешечкой, 330 грамм",/static/images/myaso.jpeg
prod_83,"Бигус со свининой, 250 грамм",/static/images/myaso.jpeg
prod_84,"Биойогурт Danone Активиа Вишня 2,9%",/static/images/yogurt.jpeg
prod_85,"Блинчики с апельсиновой начинкой, 170 грамм",/static/images/blin.jpeg
prod_86,"Блинчики с бананом и пастой из орехов и какао, 180 грамм",/static/images/blin.jpeg
prod_87,"Блинчики с брусникой и яблоком, 160 грамм",/static/images/blin.jpeg
prod_88,"Блинчики с вареной сгущенкой, 130 грамм",/static/images/blin.jpeg
prod_89,"Блинчики с ветчиной и сыром, 210 грамм",/static/images/blin.jpeg
prod_90,"Блинчики с заварным кремом и грушей, 160 грамм",/static/images/blin.jpeg
prod_91,"Блинчики с капустой,150 грамм",/static/images/blin.jpeg
prod_92,"Блинчики с курицей и грибами, 160 грамм",/static/images/blin.jpeg
prod_93,"Блинчики с малиной и клубникой, 180 грамм",/static/images/blin.jpeg
prod_94,"Блинчики с мясом, 140 грамм",/static/images/blin.jpeg
prod_95,"Блинчики с семгой, 100 грамм",/static/images/blin.jpeg
prod_96,Блинчики с творогом,/static/images/blin.jpeg
prod_97,"Блинчики с творогом и сметаной,  210 грамм",/static/images/blin.jpeg
prod_98,"Блинчики с творожной начинкой, 140 грамм",/static/images/blin.jpeg
prod_99,"Блины из овсяного толокна, 130 грамм",/static/images/blin.jpeg
prod_100,"Блины Русские, 210 грамм",/static/images/blin.jpeg
prod_101,Блины с бананом и шоколадным топпингом,/static/images/blin.jpeg
prod_102,Блины с ветчиной и сыром,/static/images/blin.jpeg
prod_103,Блины с курицей и сыром,/static/images/blin.jpeg
prod_104,Блины с творогом,/static/images/blin.jpeg
prod_105,Блины со сметаной,/static/images/blin.jpeg
prod_106,"Боллы из индейки с морковью, 160 грамм",
prod_107,БонПари кислые червячки,
prod_108,Боржоми Вишня,/static/images/borjomi.jpeg
prod_109,Боржоми ж/б,/static/images/borjomi.jpeg
prod_110,Боржоми Земляника,/static/images/borjomi.jpeg
prod_111,Боржоми Лайм,/static/images/borjomi.jpeg
prod_112,Боржоми Цитрус,/static/images/borjomi.jpeg
prod_113,"Борщ  со сметаной, 350 грамм",/static/images/borsch.jpeg
prod_114,"Борщ овощной, 270 грамм",/static/images/borsch.jpeg
prod_115,"Борщ, 250 грамм",/static/images/borsch.jpeg
prod_116,"Боул с индейкой, 330 грамм",/static/images/boul.jpeg
prod_117,"Боул с лососем, 360 грамм",/static/images/boul.jpeg
prod_118,"Боул с цыпленком, 350 грамм",/static/images/boul.jpeg
prod_119,Бризоль куриная,/static/images/brizol.jpeg
prod_120,Бублик с картошкой,/static/images/bublik.jpeg
prod_121,Бублик с мясом,/static/images/bublik.jpeg
prod_122,"Булгур с овощами, 200 грамм",/static/images/bulgur.jpeg
prod_123,Булочка сдобная с джемом,/static/images/bulochka.jpeg
prod_124,"Бульон с курицей и рисом, 250 грамм",/static/images/bulion.jpeg
prod_125,Бульон с яйцом,/static/images/bulion.jpeg
prod_126,"Буррито овощной с тофу, 180 грамм",/static/images/burrito.jpeg
prod_127,"Буррито с курицей, 210 грамм",/static/images/burrito.jpeg
prod_128,"Бутылка ПЭТ, прозрачная, 1л",/static/images/butilka.jpeg
prod_129,"Бутылка ПЭТ, прозрачная, 5л",/static/images/butilka.jpeg
prod_130,Ватрушка с творогом от шеф-пекаря,
prod_131,Вафельная трубочка Lafinelle вареная сгущенка,/static/images/vafli.jpeg
prod_132,Вафельный батончик KIT KAT coconut,/static/images/roasted.jpeg
prod_133,"Вафли ""Венские"" со вкусом банан",/static/images/vafli.jpeg
prod_134,"Вафли ""Яшкино""",/static/images/vafli.jpeg
prod_135,Вафли MILKA какао с молочным шоколадом,/static/images/vafli.jpeg
prod_136,Вафли венские с абрикосом,/static/images/vafli.jpeg
prod_137,Вафли венские со вкусом ваниль,/static/images/vafli.jpeg
prod_138,Вафли венские со вкусом вареной сгущенки,/static/images/vafli.jpeg
prod_139,Вафли венские со вкусом земляника,/static/images/vafli.jpeg
prod_140,Вафли зебра с молочной шоколадной глазурью,/static/images/vafli.jpeg
prod_141,"Вафли Лесной орех, ARO",/static/images/vafli.jpeg
prod_142,Винегрет,/static/images/vinegret.jpeg
prod_143,"Винегрет домашний, 225 грамм",/static/images/vinegret.jpeg
prod_144,"Винегрет с ароматным подсолнечным маслом, 200 грамм",/static/images/vinegret.jpeg
prod_145,"Вода ""Акваника""",/static/images/voda.jpeg
prod_146,"Вода ""Байкал 430""",/static/images/voda.jpeg
prod_147,"Вода ""Боржоми""",/static/images/voda.jpeg
prod_148,"Вода ""Святой источник""",/static/images/voda.jpeg
prod_149,"Вода «Святой источник», газ",/static/images/voda.jpeg
prod_150,Вода BORJOMI минеральная лечебно-столовая газированная,/static/images/voda.jpeg
prod_151,Вода спортивная SOJSPORT Water BALANCE со вкусом яблока,/static/images/voda.jpeg
prod_152,Вода спортивная SOJSPORT Water DETOX со вкусом манго,/static/images/voda.jpeg
prod_153,Вьетнамский Фо с курицей,
prod_154,"Галеты из тыквы, батата, овсяных хлопьев и шпината, 140 грамм",
prod_155,"Гаспачо, 320 грамм",
prod_156,Голубцы ленивые с жареными шампиньонами,
prod_157,"Голубцы по-домашнему, 250 грамм",
prod_158,"Гратен картофельный с мясом, 230 грамм",
prod_159,"Греча с грибами и тефтелями, 340 грамм",
prod_160,"Гречка отварная с маслом, 250 грамм",
prod_161,Гречка по купечески со свининой,
prod_162,"Грибной крем-суп с сухариками, 300 грамм",
prod_163,Грудка куриная отварная,
prod_164,"Гуляш из куриной грудки с отварной гречкой, 250 грамм",
prod_165,"Гуляш из свинины с перловкой отварной, 250 грамм",
prod_166,"Даниссимо, сорбет из сочной смородины",
prod_167,Десерт клубника со сливками,
prod_168,"Десерт овсяный ""NeMoloko"" ванильный с бета-каротином",
prod_169,Десерт Панакота с апельсиновым желе,
prod_170,"Десерт соевый 15%, шоколад-ваниль, Б. Ю. Александров",
prod_171,"Десерт тапиока ""на кокосовом молоке"" с сиропом топинамбура, 180 грамм",
prod_172,"Десерт тапиока с какао, 180 грамм",
prod_173,"Десерт Тапиока с малиной и клубникой на кокосовом молоке, 180 грамм",
prod_174,Десерт чиа с манго на кокосовом молоке,
prod_175,Десерт Шоколадный,
prod_176,Добрый Палпи Апельсин,
prod_177,Добрый Палпи Тропик,
prod_178,Драже M&M's с арахисом и молочным шоколадом,
prod_179,Драже фруктово-ягодное Skitlles в сахарной глазури,
prod_180,"Драники из картофеля с капустой жареные, 190 грамм",
prod_181,Ежики Аппетитные,
prod_182,Жаркое по домашнему,
prod_183,Жаркое с курицей,
prod_184,"Жевательная резинка ""Пендальгин""",
prod_185,"Жевательная резинка ""Пофигин""",
prod_186,"Жевательные конфеты Love is, арбуз-тропик",
prod_187,"Завитушки с курочкой в сливочном соусе, 220 грам",
prod_188,"Закуска ""селедочка с картошечкой"", 225 грамм",
prod_189,Запеканка манная с персиком,
prod_190,"Запеканка с курицей, 250 грамм",
prod_191,Запеканка творожная с грушей и персиком 250 г,
prod_192,Запеканка творожная с малиной и клубникой 250 г,
prod_193,"Запеканка творожная с топингом, 155 грамм",
prod_194,Запеканка творожная с топпингом манго,
prod_195,"Здоровый перекус со вкусом ""Клубника""",
prod_196,"Здоровый перекус со вкусом ""Клюква""",
prod_197,"Здоровый перекус со вкусом ""Томленые Сливки""",
prod_198,"Злаковый батончик ""GRANOLA BAR"" со вкусом йогурта и вишни",/static/images/roasted.jpeg
prod_199,"Злаковый батончик ""GRANOLA BAR"" со вкусом йогурта и клубники",/static/images/peanut.png
prod_200,"Зразы картофельные с грибами, 200 грамм",
prod_201,"Зразы картофельные с мясной начинкой в сливочно грибном соусе, 250 грамм",
prod_202,"Зразы картофельные с мясом, 220 грамм",
prod_203,"Зразы мясные с грибной начинкой и овощным рагу, 250 грамм",
prod_204,"Имунеле, черника",
prod_205,Ирис со вкусом банана 60гр,
prod_206,Ирис со вкусом малины 60гр,
prod_207,Ирис со вкусом соленая карамель 60 гр,
prod_208,"Йогурт ""Активия"", виноград, манго, папайя, чиа",/static/images/yogurt.jpeg
prod_209,"Йогурт Epica Bouquet голубика-лаванда 4,8%",/static/images/yogurt.jpeg
prod_210,"Йогурт Epica Гранат, малина 4,8%",/static/images/yogurt.jpeg
prod_211,"Йогурт Epica Кокос, ваниль 6,3%",/static/images/yogurt.jpeg
prod_212,"Йогурт Epica питьевой натуральный, 2,9%",/static/images/yogurt.jpeg
prod_213,Йогурт Epica с клубникой,/static/images/yogurt.jpeg
prod_214,"Йогурт Гранола с Клубникой, 160 грамм",/static/images/yogurt.jpeg
prod_215,"Йогурт Гранолла с апельсином, 160 грамм",/static/images/yogurt.jpeg
prod_216,"Йогурт Гранолла Чиа Манго, 160 грамм",/static/images/yogurt.jpeg
prod_217,Йогурт Много клубники,/static/images/yogurt.jpeg
prod_218,"Йогурт питьевой Epica клубника-маракуйя 2,5%",/static/images/yogurt.jpeg
prod_219,"Йогурт питьевой Epica кокос, ваниль 3,6%, 290 г",/static/images/yogurt.jpeg
prod_220,"Йогурт питьевой Epica манго 2,5%",/static/images/yogurt.jpeg
prod_221,"Йогурт питьевой Epica манго 2,5%, 290г",/static/images/yogurt.jpeg
prod_222,Йогурт Тайский сммусси манго-маракуйя,/static/images/yogurt.jpeg
prod_223,"Кабачки фаршированные по-домашнему, 200 грамм",
prod_224,Кантуччини с клюквой и апельсином 100гр,
prod_225,Кантуччини с миндалем 100гр,
prod_226,Кантуччини с соленым арахисом и лимоном 100гр,
prod_227,Кантуччини с шоколадом 100гр,
prod_228,Капкейк,
prod_229,"Капуста свежая тушеная с сосисками, 250 грамм",
prod_230,Капуста тушеная с кабачками,
prod_231,"Капуста тушеная с черносливом, 300 грамм",
prod_232,Картофель жаренный с грибами,
prod_233,Картофель запеченный с яйцом и помидорами,
prod_234,"Картофель по-фермерски, 250 грамм",
prod_235,"Картофельный крем суп, 330 грамм",
prod_236,"Картошка в молочном шоколаде, Б. Ю. Александров",
prod_237,"Каша 5 злаков на кокосовом молоке, 200 грамм",
prod_238,Каша овсяная молочная,
prod_239,"Каша овсяная на кокосовом молоке, 250 грамм",
prod_240,Каша овсяная с яблоком и корицей,
prod_241,Каша пшенная молочная с тыквой без сахара,
prod_242,,
prod_243,"Каша пшенная с тыквой, 250 грамм",
prod_244,"Каша рисовая молочная, 200 грамм",
prod_245,Каша рисовая с вишней,
prod_246,Каша рисовая с манго,
prod_247,"Кето тефтели из индейки и шпината, 180 грамм",
prod_248,"Клаб сэндвич с бужениной и маринованными огурцами, 160 грамм",
prod_249,Клаб сэндвич с ветчиной и сыром,
prod_250,"Клаб сэндвич с ветчиной и сыром, 150 грамм",
prod_251,"Клаб сэндвич с курицей и беконом, 160 грамм",
prod_252,Клаб сэндвич с тунцом и базиликом,
prod_253,Клаб-сэндвич с курицей,
prod_254,"Кнели мускатные из куриного филе с зеленым маслом, 240 грамм",
prod_255,Кока Кола ЖБ 0.33,
prod_256,Кокосовый батончик “Coconut Bar” с ванильно-сливочным вкусом в шоколаде,/static/images/peanut.png
prod_257,"Коктейль молочный Parmalat Капучино 1,5%",
prod_258,Комплекс № 10,
prod_259,Комплекс №1,
prod_260,Комплекс №25,
prod_261,Комплекс №26,
prod_262,Комплекс №27,
prod_263,Комплекс №3,
prod_264,Комплекс №6,
prod_265,"Компотик, 300 грамм",
prod_266,"Конверт песочный с вишневой начинкой от шеф-пекаря, 80 грамм",
prod_267,"Котлета домашняя и капуста тушеная, 250 грам",
prod_268,"Котлета домашняя с макаронами, 250 грамм",
prod_269,"Котлета из мяса птицы с фасолью на пару и соусом из желтого перца, 200 грамм",
prod_270,Котлета куриная,
prod_271,"Котлета куриная запеченная в соусе с картофельным пюре, 260 грамм",
prod_272,"Котлета куриная с гречей отварной, 250 грамм",
prod_273,"Котлета по-киевски с пюре, 350 грамм",
prod_274,"Котлета рубленная куриная с пюре, 330 грамм",
prod_275,Котлеты гречаники,
prod_276,"Котлеты домашние из телятины и свинины жареные с картофельным пюре, 350 г",
prod_277,"Котлеты домашние с пюре, 350 грамм",
prod_278,"Котлеты капустные жареные, 190 грамм",
prod_279,"Котлеты морковные жареные, 190 грамм,",
prod_280,"Котлеты паровые из мяса птицы с отварным картофелем, 150 грамм",
prod_281,"Котлеты Пожарские жареные, 270 грамм",
prod_282,"Котлеты свекольные жареные, 190 грамм",
prod_283,"Крекер Тук, сыр",
prod_284,"Крем суп из сельдерея с морепродуктами, 320 грамм",
prod_285,"Крем-суп Тыквенный, 330 грамм",
prod_286,Круассан классический,
prod_287,Круассан с сыром,
prod_288,"Кура в кисло-сладком соусе с рисом, 250 грамм",
prod_289,"Куриная бризоль с пастой пенне, 220 грамм",
prod_290,"Куриные котлеты с соусом, 180 грамм",
prod_291,Куриные ландорики,
prod_292,Куриные Ландорики с рисом и овощами,
prod_293,"Куриные шашлычки с картофелем Айдахо, 330 грамм",
prod_294,"Курица терияки с лапшой удон, 250 грамм",
prod_295,Курица терияки с рисом и омлетом,
prod_296,"Кус-кус с овощами, 200 грамм",
prod_297,"Лаваш с курицей и мягким сыром, 250 грамм",
prod_298,Лаймон фреш ЖБ,
prod_299,"Лапша куриная, 200 грамм",
prod_300,"Лапша Пад Тай с цыпленком, 300 грамм",
prod_301,"Лапша с овощами, 200 грамм",
prod_302,"Лапша соба с курицей, 300 грамм",
prod_303,"Лапша фунчоза с овощами и цыпленком, 300 грамм",
prod_304,"Леденцы ""Холс"" оригинальные",
prod_305,"Леденцы ""Холс"", мед и лимон",
prod_306,"Лимонад ""S. Pellegrino"", Aranciata",
prod_307,"Лимонад ""S. Pellegrino"", Красный апельсин",
prod_308,"Лимонад ""Натахтари"", Тархун",
prod_309,Липтон лимонный чай,
prod_310,Липтон чай зеленый холодный,
prod_311,"Лобио из красной фасоли с орехами, 190 грамм",
prod_312,Люля-кебаб из индейки,
prod_313,Люля-кебаб из индейки и картофель с жаренными грибами,
prod_314,Мармелад Haribo,
prod_315,Мармелад Haribo жевательный,
prod_316,"Мармелад БОН ПАРИ жевательный ""Веселые Кошмарики""",
prod_317,Мармелад жевательный,
prod_318,Маунтин Дью,
prod_319,Маффин,
prod_320,"Маффин ""Бионова"" смесь для выпечки с кусочками апельсина",
prod_321,"Маффин ""Бионова"" смесь для выпечки с кусочками шоколада",
prod_322,Милки Вей,
prod_323,Милкис оригинальный,
prod_324,Минеральная вода Боржоми,
prod_325,"Мини-запеканка с творожным сыром от бренд-шефа, 180 грамм",
prod_326,"Молоко ""Parmalat""",
prod_327,Молоко Сарафаново,
prod_328,Молоко ультрапастеризованное Parmalat,
prod_329,Морковь по-корейски,
prod_330,"Морковь с сыром и чесноком, 250 грамм",
prod_331,Морс Клюква-брусника 500гр,
prod_332,Морс Мунберри (брусника),
prod_333,"Морс, 300 грамм",
prod_334,Мюсли хрустящие запеченные т.з. БИОНОВА Ореховые,
prod_335,Мюсли хрустящие запеченные т.з. БИОНОВА тропические,
prod_336,Мюсли хрустящие запеченные т.з. БИОНОВА шоколадные,
prod_337,Мюсли хрустящие запеченные т.з. БИОНОВА Ягодные,
prod_338,"Мясные кусочки с картофельным пюре, 220 грамм",
prod_339,"Мясо по-французски, 300 грамм",
prod_340,"Напиток ""Bazil seed blueberry""",
prod_341,"Напиток ""Bazil seed kiwi""",
prod_342,"Напиток ""Bazil seed lychee""",
prod_343,"Напиток ""Bazil seed mangoi""",
prod_344,"Напиток ""GreenMe plus protect""",
prod_345,"Напиток ""Баринофф"" шиповник",
prod_346,"Напиток ""Баринофф"" шиповник-гранат",
prod_347,"Напиток ""Баринофф"" шиповник-клюква",
prod_348,"Напиток ""Милкис"" со вкусом банана",
prod_349,"Напиток безалкогольный ""Дюшес"" газированный",
prod_350,"Напиток безалкогольный ""Тархун"" газированный",
prod_351,Напиток кокосовый ALPRO Original с рисом,
prod_352,Напиток Миндальный Alpro,
prod_353,Напиток энергетический Адреналин Раш,
prod_354,Натс,
prod_355,"Нектар Добрый ""Мультифрукт""",
prod_356,Нектар Добрый Апельсиновый,
prod_357,"Нуга с фундуком в молочном шоколаде, Б. Ю. Александров",
prod_358,"Овсянники с яблоками и грецкими орехами запеченные, 150 грамм",
prod_359,Овсяное печенье с фундуком и кленовым сиропом,
prod_360,Ограниченная услуга,
prod_361,"Окрошка, 320 грамм",
prod_362,"Оладушки сладкие, 130 грамм",
prod_363,"Оладушки тыквенные, 140 грамм",
prod_364,"Оладьи из кабачков, 170 грамм",
prod_365,Оладьи с бананом,
prod_366,"Оладьи с отрубями, 130 грамм",
prod_367,"Омлет классический, 150 грамм",
prod_368,Омлет с ветчиной,
prod_369,Омлет с грибами,
prod_370,"Онигири с тунцом ,110 грамм",
prod_371,"Орбит ""Сладкая мята""",
prod_372,"Орбит ""Ягодный микс""",
prod_373,"Ореховая смесь ""Ассорти""",
prod_374,"Ореховая смесь ""Студенческая""",
prod_375,"Ореховый батончик ""Nut Bar"" МЕД-МИНДАЛЬ-КЕШЬЮ с ирисо-сливочным вкусом и соленой карамелью",/static/images/peanut.png
prod_376,"Ореховый батончик ""Nut Bar"" Миндаль-Карамель с ирисо-сливочным вкусом с хрустящими шариками",/static/images/peanut.png
prod_377,"Ореховый батончик ""Nut Bar"" с медом и гималайской солью",/static/images/peanut.png
prod_378,"Ореховый батончик ""Nut Bar"" со вкусом айриш-крим в горьком шоколаде",/static/images/peanut.png
prod_379,"Ореховый батончик с ирисо-сливочным вкусом ""МЕД-МИНДАЛЬ-КЕШЬЮ""",/static/images/peanut.png
prod_380,"Ореховый батончик с кокосом и ванильно-сливочным вкусом ""Миндаль-Кокос""",/static/images/peanut.png
prod_381,"Ореховый батончик с медом «ОРЕХИ-МЁД-МОРСКАЯ СОЛЬ""",/static/images/peanut.png
prod_382,"Ореховый батончик со вкусом Айриш-Крим «АРАХИС- МИНДАЛЬ-ГОРЬКИЙ ШОКОЛАД""",/static/images/peanut.png
prod_383,"Ореховый батончик со сливочно-карамельным вкусом ""МИНДАЛЬ-КАРАМЕЛЬ""",/static/images/nestle.jpeg
prod_384,"Отбивная из свинины с рисом и овощами, 300 грамм",
prod_385,"Панкейки черничные с творожным кремом, 150 грамм",
prod_386,"Паста Болоньезе, 300 грамм",
prod_387,Паста в соусе болоньезе,
prod_388,"Паста с курицей и грибами, 320 грамм",
prod_389,"Паста с Курицей терияки, 270 грамм",
prod_390,"Паста с лососем в сливочном соусе, 270 грамм",
prod_391,"Паста с томатным соусом и грибами, 340 грамм",
prod_392,Паста с цукини и куриной грудкой,
prod_393,"Паста Том ям с цыпленком и грибами Шиитаке, 300 грамм",
prod_394,Пауэрейд (ледяная буря),
prod_395,"Пенне с соусом ""Арабиата"", 300 грамм",
prod_396,"Перловка с шампиньонами, 200 грамм",
prod_397,"Песочное печенье ""Орехи с вареной сгущенкой""",
prod_398,Песочный пирог с творогом,
prod_399,Песочный пирог шоколадно-вишневый,
prod_400,"Печёночные оладьи, 200 грамм",
prod_401,"Печенье ""Кукис сливочный""",
prod_402,"Печенье ""Кукис шоколадное сердечко с бельгийским шоколадом и кешью""",
prod_403,"Печенье ""Кукис шоколадный""",
prod_404,"Печенье ""Ленинградское"" от шефа-кондитера, 110 грамм",
prod_405,"Печенье ""Фитнес"" от шефа-кондитера",
prod_406,"Печенье «Любовь Крымчанки"" с начинкой с ароматом ванили»",
prod_407,Печенье Forsite сэндвич кокос,
prod_408,Печенье Forsite сэндвич шок.-сливки,
prod_409,Печенье Oreo с какао и начинкой с ванильным вкусом,
prod_410,"Печенье Protein Cookie с кокосом, покрытое шоколадом без добавления сахара",
prod_411,Печенье Protein Cookie с молочным шоколадом без добавления сахара,
prod_412,"Печенье Protein Cookie с фисташкой, покрытое шоколадом без добавления сахара",
prod_413,"Печенье Protein Cookie со вкусом клубники, покрытое шоколадом без добавления сахара",
prod_414,"Печенье Protein Cookie со вкусом манго, покрытое шоколадом без добавления сахара",
prod_415,Печенье Брауни,
prod_416,"Печенье кукис ""сердечко"" с бельгийским шоколадом и кешью в ассортименте",
prod_417,Печенье овсяное пряное с подваркой,
prod_418,Печенье овсяное шоколадное с подваркой,
prod_419,"Печенье сдобное ""Бельгийское кокосовое со сливочным вкусом""",
prod_420,"Печенье сдобное ""Норвежский ягодный пай""",
prod_421,Печенье сдобное глазированное Choco Pie Lotte,
prod_422,"Печенье традиционное ""Юбилейное""",
prod_423,Печенье Юбилейное какао с глазурью,
prod_424,Печенье Юбилейное молочное,
prod_425,Печенье-сэндвич KONTI Супер-Контик,
prod_426,"Пикник, арахис/карамель",
prod_427,Пирожное 7 Days с кремом ваниль,
prod_428,Пирожное Kinder молочный ломтик с молочной начинкой,
prod_429,Пирожное ваф. трубочка с вареной сгущенкой 50гр,
prod_430,Пирожное Даккуаз ванильное от шеф-кондитера АВ 50г,
prod_431,Пирожное Картошка,
prod_432,"Пирожные бисквитные ""Pancake""",
prod_433,Пирожок из слоёного теста с говядиной,
prod_434,Пирожок с яблоком и брусникой,
prod_435,Плов с курицей,
prod_436,"Плов с курицей и овощами, 200 грамм",
prod_437,"Плов со свининой и курицей, 300 грамм",
prod_438,Подарочное печенье к Дню всех Влюбленных,
prod_439,"Пот с яйцом, сыром фета и шпинатом, 90 грамм",
prod_440,Похлебка чечевичная с грудинкой,
prod_441,"Правильные конфеты ""Извините, я все съел"" с какао и миндалем",
prod_442,"Правильные конфеты ""Извините, я все съел"" с кокосом и курагой",
prod_443,Премиальный товар,
prod_444,Принты на платья,
prod_445,"Протеиновый батончик ""Protein SOJ"" с арахисом",/static/images/nestle.jpeg
prod_446,Протеиновый батончик «Protein Bar” с ирисо-сливочным вкусом в молочном шоколаде,/static/images/nestle.jpeg
prod_447,Протеиновый батончик «Protein Bar” с какао в молочном шоколаде,/static/images/nestle.jpeg
prod_448,Протеиновый батончик «Protein Bar” со вкусом банана в молочном шоколаде,/static/images/nestle.jpeg
prod_449,Протеиновый батончик «Protein Bar” со вкусом малины в молочном шоколаде,/static/images/nestle.jpeg
prod_450,Протеиновый батончик «Protein SOJ” со вкусом банана,/static/images/nestle.jpeg
prod_451,Протеиновый батончик «Protein SOJ” со вкусом кокоса,/static/images/nestle.jpeg
prod_452,Протеиновый батончик «Protein SOJ” со вкусом соленой карамели,/static/images/nestle.jpeg
prod_453,"Пряник ""Тульский""",
prod_454,Пряник ТУЛЬСКИЙ яблоко - корица,
prod_455,"Пудинг из тыквы, 270 грамм",
prod_456,Пудинг рисовый с яблоками,
prod_457,Пудинг творожный,
prod_458,Пюре из зеленого горошка,
prod_459,"Рагу овощное с курицей, 250 грамм",
prod_460,"Рагу овощное со свининой, 250 грамм",
prod_461,Рагу по деревенски,
prod_462,"Рамэн с цыпленком, 300 грамм",
prod_463,Рассольник,
prod_464,"Рассольник, 250 грамм",
prod_465,Ризотто с грибами и сыром,
prod_466,"Ризотто с грибами, сыром Тофу и петрушкой, 250 грамм",
prod_467,Рис басмати отварной,
prod_468,Рожки с гуляшом из свинины,
prod_469,"Ролл с ветчиной и яйцом, 220 грамм",
prod_470,"Ролл с курицей и соусом карри, 170 грамм",
prod_471,"Ролл с курицей и хрустящим беконом, 160 грамм",
prod_472,Ролл Цезарь в пшеничной лепешке,
prod_473,"Рулетики из ветчины с сыром и грибами, 180 грамм",
prod_474,"Рыба жареная и картофель отварной с зеленью, 250 грамм",
prod_475,"Рыбные котлеты с запеченным картофелем, 300 грамм",
prod_476,"Салат ""Культурно - Столичный с курой"", 225 грамм",
prod_477,"Салат ""Цезарь"" Премиум, 180 грамм",
prod_478,Салат Аппетитный,
prod_479,"Салат Аппетитный, 120 грамм",
prod_480,Салат Баварский,
prod_481,"Салат бобовый, 220 грамм",
prod_482,"Салат Вариант, 250 грамм",
prod_483,"Салат Витамикс, 225 грамм",
prod_484,Салат Витаминный,
prod_485,"Салат Ермак, 120 грамм",
prod_486,Салат Живая сила,
prod_487,"Салат Живая сила, 120 грамм",
prod_488,Салат из капусты и редиса,
prod_489,"Салат из капусты с огурцом, 140 грамм",
prod_490,"Салат из капусты со свеклой, 100 грамм",
prod_491,"Салат из крабовых палочек, 200 грамм",
prod_492,"Салат из моркови с сыром, 120 грамм",
prod_493,Салат из свеклы с сыром,
prod_494,"Салат из свеклы с укропом, 180 грамм",
prod_495,Салат из свеклы с фасолью,
prod_496,"Салат из сельдерея, яблок и моркови «Считаем калории»",
prod_497,"Салат из фунчозы по-корейски, 120 грамм",
prod_498,"Салат из чечевицы с рукколой и семечками, 200 грамм",
prod_499,"Салат Итальянский, 120 грамм",
prod_500,"Салат Коул-Слоу постный, 200 грамм",
prod_501,"Салат Курица и сельдерей, 225 грамм",
prod_502,"Салат Метелка с тыквенными с семечками, 100 грамм",
prod_503,"Салат Мимоза, 250 грамм",
prod_504,"Салат Морковь по-корейски, 100 грамм",
prod_505,"Салат Нежность, 100 грамм",
prod_506,"Салат Нептун, 120 грамм",
prod_507,Салат овощной с редисом,
prod_508,Салат Оливье,
prod_509,"Салат Оливье с жареными грибами, 160 грамм",
prod_510,"Салат Оливье с колбасой, 225 грамм",
prod_511,"Салат Оливье с колбасой, 250 грамм",
prod_512,"Салат Оливье, 120 грамм",
prod_513,"Салат от Кэпа, 225 грамм",
prod_514,Салат Охотничий,
prod_515,Салат Парижский,
prod_516,"Салат Петровский, 250 грамм",
prod_517,Салат Петроградский,
prod_518,"Салат с ветчиной, 250 грамм",
prod_519,"Салат с запеченной индейкой, 225 грамм",
prod_520,"Салат с куриной грудкой и ветчиной, 220 грамм",
prod_521,Салат с куриным филе и морковью по корейски,
prod_522,"Салат с тунцом, 225 грамм",
prod_523,"Салат с шампиньонами, 220 грамм",
prod_524,"Салат с яблоком и морковью, 160 грамм",
prod_525,"Салат свекольный с соусом ""Цезарь"", 225 грамм",
prod_526,Салат Столичный,
prod_527,"Салат Столичный, 120 грамм",
prod_528,Салат Фантазия,
prod_529,"Салат Фантазия, 120 грамм",
prod_530,"Салат Фермерский, 120 грамм",
prod_531,"Салат Цада, 120 грамм",
prod_532,Салат Царевич,
prod_533,"Салат Экстро, 120 грамм",
prod_534,"Салат-боул ""Палео"" с индейкой на пару, бататом и миксом салата",
prod_535,"Салат-боул с индейкой на пару, грейпфрутом и клюквой",
prod_536,"Салат-боул с куриным филе, киноа и грецким орехом",
prod_537,"Салат-боул с куриным филе, манго и черным рисом, 190 г,",
prod_538,"Салат-боул с семгой на пару, кенийской фасолью и гранатом, 230 г",
prod_539,"Свёкла из печи ""Уже Готово""",
prod_540,"Свекла с майонезом и чесноком, 250 грамм",
prod_541,"Святой источник, лимон",
prod_542,"Святой источник, малина",
prod_543,"Селедка под шубой GUCCI, 250 грамм",
prod_544,Сингл круассан FINE LIFE с клубникой,
prod_545,Скиттлс,
prod_546,Сливки Parmalat,
prod_547,Сливки Домик в деревне 10%,
prod_548,Сливочно грибной суп,
prod_549,"Сливочный рыбный суп, 250 грамм",
prod_550,Сливочный суп рыбный,
prod_551,Слойка с курой и грибами,
prod_552,"Смесь фруктовая ""Энергия Бит""",
prod_553,"Смузи ""Клубника-Бананна гоу""",
prod_554,"Смузи ""Экзотический шейк""",
prod_555,"Смузи ""Ягодный дэнс""",
prod_556,Сникерс,
prod_557,Сникерс Лесной Орех,
prod_558,Сникерс Супер,
prod_559,"Сок ""IL PRIMO"" ананасовый, 0,2л",
prod_560,"Сок ""Баринофф"" апельсиновый с мякотью",
prod_561,"Сок ""Баринофф"" грушевый",
prod_562,"Сок ""Баринофф"" манго",
prod_563,"Сок ""Баринофф"" томатный",
prod_564,"Сок ""Баринофф"" яблочный, осветленный",
prod_565,Сок Добрый яблочный 100%,
prod_566,"Солянка мясная, 270 грамм",
prod_567,"Солянка мясная, 320 грамм",
prod_568,Сосиска в сдобном тесте,
prod_569,Сочень с творогом,
prod_570,Сочень творожный,
prod_571,"Сочник с творогом от шеф-пекаря, 80 грамм",
prod_572,"Спагетти болоньезе, 250 грамм",
prod_573,"Спагетти Карбонара, 250 грамм",
prod_574,Спаржа с морковью по-корейски,
prod_575,"Стрипсы куриные с соусом, 180 грамм",
prod_576,Суп «Минестроне» с пастой орзо,
prod_577,Суп Баварский с сосисками,
prod_578,Суп гороховый с копченостями,
prod_579,"Суп гороховый с копченостями, 250 грамм",
prod_580,"Суп гороховый с копченостями, 270 грамм",
prod_581,Суп грибной,
prod_582,"Суп крестьянский с крупой, 250 грамм",
prod_583,Суп кукси классический,
prod_584,Суп куриный с цветной капустой,
prod_585,Суп Мексиканский,
prod_586,"Суп Минестроне грибной, 250 грамм",
prod_587,"Суп Минестроне овощной, 200 грамм",
prod_588,"Суп Минестроне, 250 грамм",
prod_589,Суп Мисо,
prod_590,"Суп овощной по деревенски с сливками, 250 грамм",
prod_591,Суп овощной с фасолью,
prod_592,"Суп овощной со шпинатом, 300 грамм",
prod_593,"Суп Рассольник Ленинградский, 270 грамм",
prod_594,Суп рыбный с неркой,
prod_595,Суп с фрикадельками,
prod_596,Суп Славянский,
prod_597,"Суп со шпинатом, 250 грамм",
prod_598,Суп Солянка,
prod_599,Суп сырный,
prod_600,"Суп сырный, 250 грамм",
prod_601,"Суп Харчо, 250 грамм",
prod_602,"Суп-пюре грибной постный, 200 грамм",
prod_603,Суп-пюре из тыквы,
prod_604,"Сухарики ""Finn Crisp Original""",
prod_605,Сухарики Хрусteam стейк барбекю,
prod_606,"Сухарики Хрустим, сметана",
prod_607,"Сырники Uppetit, 170 грамм",
prod_608,"Сырники жареные, 140 грамм",
prod_609,Сырники из топленого творога запеченные,
prod_610,Сырный суп с зеленью,
prod_611,"Сырок творожный в белом шоколаде, Б. Ю. Александров",
prod_612,Сырок творожный в молочном шоколаде,
prod_613,Сырок творожный в молочном шоколаде с ванилью,
prod_614,"Сырок творожный в молочном шоколаде с молоком сгущенным вареным, Б. Ю. Александров",
prod_615,Сырок творожный в темном шоколаде,
prod_616,"Сырок творожный глазированный в темном шоколаде с ванилью, 5%",
prod_617,"Сэндвич Ролл с тунцом на пшеничной лепешке, 190 грамм",
prod_618,Сэндвич с ветчиной,
prod_619,"Сэндвич с курицей и маринованными огурцами, 180 грамм",
prod_620,Сэндвич с курицей и свежим огурцом,
prod_621,Сэндвич с курой,
prod_622,"Сэндвич с пепперони, 200 грамм",
prod_623,Сэндвич с соусом песто и индейкой на гриле,
prod_624,"Сэндвич с тунцом и помидорами, 180 грамм",
prod_625,"Сэндвич сыр ветчина, 170 грамм",
prod_626,"Сэндвич Чикен гриль с пикантным соусом, 210 грамм",
prod_627,Твикс,
prod_628,Тестовый продукт,
prod_629,Тестовый товар,
prod_630,"Тефтели с гречей, 250 грамм",
prod_631,"Том Ям с креветками, 350 грамм",
prod_632,"Томатный суп, 320 грамм",
prod_633,"Тори дон, 200 грамм",
prod_634,"Тори терияки дон, 200 грамм",
prod_635,Трайфл Медовик,
prod_636,Трайфл Тирамису,
prod_637,"Треска по-скандинавски с овощами, 300 грамм",
prod_638,Трубочка с творожным кремом и вишней,
prod_639,"Улитка с корицей, 90 грамм",
prod_640,"Уха по Ростовски, 270 грамм",
prod_641,"Фасоль стручковая на пару, 200 грамм",
prod_642,"Филе бедра куриное запечённое с гарниром из свеклы и шпината, 250 грамм",
prod_643,"Филе грудки по-французски с томатным рисом, 250 грамм",
prod_644,Филе индейки с овощами по - провански,
prod_645,"Филе куриное запеченное с помидорами под сырной корочкой, 140 грамм",
prod_646,"Филе куриное отварное с гречкой и черри, 270 грамм",
prod_647,"Филе куриное отварное с грибным соусом и рисом, 190 грамм",
prod_648,"Филе куриное отварное с романо и помидорами черри, 150 грамм",
prod_649,"Филе куриное с маринадом ""Барбекю"" запеченное 140 грамм",
prod_650,Филе птицы по-столичному с картофельным гарниром,
prod_651,"Фреш Ролл ""Сыр Ветчина""",
prod_652,"Фреш ролл а-ля ""Шаверма"", 300 грамм",
prod_653,"Фреш Ролл с индейкой, 320 грамм",
prod_654,"Фреш ролл с копченым лососем и соусом манго, 270 грамм",
prod_655,"Фреш ролл с красной рыбой, 210 грамм",
prod_656,Фреш Ролл с Ростбифом,
prod_657,"Фреш ролл с цыпленком по-тайский, 290 грамм",
prod_658,Фреш салат индейка с песто,
prod_659,"Фрикадельки мясные с рисом, 250 грамм",
prod_660,"Фрикасе куриное с макаронами, 250 грамм",
prod_661,Фриттата с брокколи,
prod_662,Фриттата с овощами,
prod_663,"Фруктово - ореховый батончик ""ОлЛайт""  Апельсиновый с имбирем",/static/images/nestle.jpeg
prod_664,"Фруктово - ореховый батончик ""ОлЛайт""  Арахисовый",/static/images/nestle.jpeg
prod_665,"Фруктово - ореховый батончик ""ОлЛайт""  Клубничный",/static/images/nestle.jpeg
prod_666,"Фруктово - ореховый батончик ""ОлЛайт""  Яблочный с корицей",/static/images/nestle.jpeg
prod_667,"Фруктово - ореховый батончик ""ОлЛайт"" Абрикосовый",/static/images/waffle.jpeg
prod_668,"Фруктово - ореховый батончик ""ОлЛайт"" Инжирный",/static/images/waffle.jpeg
prod_669,"Фруктово - ореховый батончик ""ОлЛайт"" Лимонный",/static/images/waffle.jpeg
prod_670,"Фруктово - ореховый батончик ""ОлЛайт"" Шоколадный с апельсином",/static/images/waffle.jpeg
prod_671,"Фруктово - ореховый батончик ""ОлЛайт"" Шоколадный с кокосом",/static/images/waffle.jpeg
prod_672,Фруктовое желе,
prod_673,"Фруктово-ореховый батончик со вкусом  черники ""Миндаль-Кешью-Черника""",/static/images/waffle.jpeg
prod_674,"Фруктово-ореховый батончик со вкусом банана ""Арахис-Банан""",/static/images/waffle.jpeg
prod_675,"Фруктово-ореховый батончик со вкусом кокоса «МИНДАЛЬ-КЕШЬЮ-КОКОС""",/static/images/waffle.jpeg
prod_676,"Фруктово-ореховый батончик со вкусом манго ""Миндаль-Кешью-Манго""",/static/images/waffle.jpeg
prod_677,"Фруктовые чипсы ""Лето с собой""",
prod_678,"Фунчоза с овощами по-корейски, 200 грамм",
prod_679,"Фьюз Ти, лимон-лемонграсс 0,5",
prod_680,"Фьюз Ти, манго-ромашка 0,5",
prod_681,"Фьюз Ти, улун/малина-мята 0,5",
prod_682,"Фьюз Ти, ягоды-гибискус 0,5",
prod_683,"Хлебцы ""Baker House"" с отрубями",
prod_684,"Хлебцы ""Baker House"" с подсолнечником",
prod_685,"Хлебцы ""Baker House"" с розмарином",
prod_686,"Хлебцы ""Baker House"" с сельдереем",
prod_687,"Холодный борщ, 350 грамм",
prod_688,"Цыпленок по-тайски с арахисом и овощами, 275 грамм",
prod_689,Чай холодный Lipton персик,
prod_690,"Чахохбили с рисом, 250 грамм",
prod_691,Чахохбили с фасолью,
prod_692,Чиа-пудинг с кокосом и клубникой,
prod_693,"Чикен Гриль с Айдахо, 300 грамм",
prod_694,"Чикен Гриль, 150 грамм",
prod_695,Чудо обыкновенное классическое,
prod_696,"Шарики сырные, 170 грамм",
prod_697,"Шашлычки куриные с томатным соусом, 160 грамм",
prod_698,"Шницель из свинины с картофельным пюре, 300 грамм",
prod_699,"Шницель куриный по-министерски с картофелем запеченным, 250 грамм",
prod_700,"Шоколад KIT KAT, чёрный и белый",
prod_701,Шоколад RITTER SPORT клубника и йогурт,
prod_702,"Шоколад Ritter Sport молочный ""Цельный миндаль""",
prod_703,Шоколад Ritter Sport молочный Альпийское Молоко,
prod_704,"Шоколад Ritter Sport темный ""Цельный лесной орех""",
prod_705,Шоколад молочный Kit-Kat с хрустящей вафлей,
prod_706,Шоколад молочный Ritter Sport Extra Nut Цельный лесной орех,
prod_707,Шоколад молочный Ritter Sport Зимняя коллекция Рождественское печенье,
prod_708,Шоколад молочный Ritter Sport Медовый орех с йогуртом,
prod_709,"Шоколад молочный Ritter Sport Ром, изюм, орех",
prod_710,Шоколад темный Ritter Sport Extra Nut Цельный Миндаль,
prod_711,Шоколад тёмный Ritter Sport Миндаль и апельсин,
prod_712,Щи из свежей капусты,
prod_713,"Щи по-монастырски, 250 грамм",
prod_714,"Экобатончик ""Подзарядка для идей""",
prod_715,"Экобатончик ""Подзарядка для мозга""",
prod_716,"Экобатончик ""Подзарядка для работы""",
prod_717,"Экобатончик ""Подзарядка для спорта""",
prod_718,"Экобатончик ""Подзарядка для творчества""",
prod_719,"Экобатончик ""Подзарядка для учебы""",
prod_720,"Энергетический напиток ""Берн""",